source,target,value
timerides,Tina_mnzhao,1
timerides,gaosuwoniu,1
timerides,followinfosci,1
timerides,simonwex,1
timerides,YuanyuanFeng,1
timerides,lulu_maltese,1
timerides,cmaxw,1
timerides,BeTwinned,1
timerides,Wei_Jeon,1
timerides,M_E_Winstead,1
timerides,timgorichanaz,1
timerides,HiveATX,1
timerides,arlissc99,1
timerides,littlecalculist,1
timerides,oliverhaimson,1
timerides,kirstie_j,1
timerides,ErikaDrush,1
timerides,mw,1
timerides,leejoeyk,1
timerides,omnignorant,1
timerides,msaunby,1
timerides,mistavila,1
timerides,kimxtom,1
timerides,DrPyo,1
timerides,jla_editorial,1
timerides,rbmllr,1
timerides,imjuhokim,1
timerides,myeeking,1
timerides,stephteasley,1
timerides,asbruckman,1
timerides,pstplanet,1
timerides,innostudy,1
timerides,MarshallAndie,1
timerides,scratch,1
timerides,ChanningAllen,1
timerides,MarcusBiel,1
timerides,NYCodeDesign,1
timerides,hopesumi,1
timerides,SpiderMonkeyJS,1
timerides,davidascher,1
timerides,timlincecum,1
timerides,jgmac1106,1
timerides,jasonfried,1
timerides,Jaemyung_Lee,1
timerides,Spotburgers,1
timerides,jucklee,1
timerides,KihaChang,1
timerides,Quanninomarley,1
timerides,kkachi0912,1
timerides,sohnsukhee,1
timerides,lak17van,1
timerides,peterpaws,1
timerides,jmspool,1
timerides,msurman,1
timerides,guzdial,1
timerides,gsiemens,1
timerides,mozillafestival,1
timerides,humphd,1
timerides,las16ed,1
timerides,Webmaker,1
timerides,MozLearn,1
timerides,lau_nk,1
timerides,hannahkane,1
timerides,dun3buggi3,1
timerides,superhi_,1
timerides,rachelmmagee,1
timerides,flukeout,1
timerides,adamlofting,1
timerides,jeilxilx,1
timerides,reactjs,1
timerides,naz_andalibi,1
timerides,firefox,1
timerides,mozilla,1
timerides,HoudaElmimouni,1
timerides,IBMWatson,1
timerides,Kusunoki,1
timerides,carboncostume,1
timerides,TheTriangle,1
timerides,BillGates,1
timerides,seakha,1
timerides,tim_cook,1
timerides,prholt,1
timerides,jiangenhe,1
timerides,OPENSAT,1
timerides,SwiftLang,1
timerides,linuxacademyCOM,1
timerides,gagjidol,1
timerides,NodeSource,1
timerides,neo4j,1
timerides,fontawesome,1
timerides,bootswatch,1
timerides,Kimbotong,1
timerides,LezhinComics,1
timerides,JASIST,1
timerides,iSchools,1
timerides,asist_org,1
timerides,ChaomeiChen,1
timerides,andicat,1
timerides,denormalize,1
timerides,ASISTsigSI,1
timerides,leejacobson_,1
timerides,Neovim,1
timerides,MasteringVim,1
timerides,iconf,1
timerides,BL_Cheetah,1
timerides,coursera,1
timerides,citeulike,1
timerides,DrexelResearch,1
timerides,khanacademy,1
timerides,twitrratr,1
timerides,dancow,1
timerides,google,1
timerides,DrexelUniv,1
timerides,thomashpark,1
timerides,googledevs,1
timerides,Codecademy,1
timerides,github,1
timerides,Tennis_Now,1
timerides,theWEBCORE,1
timerides,getbootstrap,1
timerides,jquery,1
timerides,MongoDB,1
timerides,indeed,1
timerides,Real_CSS_Tricks,1
timerides,nodejs,1
timerides,JavaScriptDaily,1
timerides,ajlkn,1
timerides,Gephi,1
timerides,sigmajs,1
timerides,16O47,1
timerides,SBrinhpttt,1
timerides,kimeunsik,1
timerides,gomockingbird,1
timerides,Treato_com,1
timerides,climagic,1
timerides,vimtips,1
timerides,ladamic,1
timerides,duncanjwatts,1
timerides,Dodgers,1
timerides,TheSawon,1
timerides,TwitterU,1
timerides,informor,1
timerides,authorea,1
timerides,ellenkershaw,1
timerides,ClaytonKersh22,1
timerides,KershsChallenge,1
timerides,CiteSpace,1
timerides,DrexelCCI,1
timerides,MelodyMonthly,1
timerides,RLangTip,1
timerides,JoinTheFlock,1
timerides,jure,1
timerides,lintool,1
timerides,NLPenguin,1
timerides,CherylKohen,1
timerides,ALALibrary,1
timerides,SimmonsSLIS,1
timerides,KBO_Scores,1
timerides,ALA_JobLIST,1
timerides,koddi1989,1
timerides,YooNaul,1
timerides,TwitBird,1
timerides,slion10,1
timerides,s_0_n_g,1
timerides,librarianSY,1
timerides,WGyenny,1
timerides,Laurak7,1
timerides,grecia_alvarez,1
gaosuwoniu,timerides,1
Tina_mnzhao,timerides,1
simonwex,timerides,1
YuanyuanFeng,timerides,1
cmaxw,timerides,1
naz_andalibi,timerides,1
BeTwinned,timerides,1
CATEChs,timerides,1
innostudy,timerides,1
Wei_Jeon,timerides,1
arlissc99,timerides,1
kirstie_j,timerides,1
oliverhaimson,timerides,1
leejoeyk,timerides,1
imjuhokim,timerides,1
anataliasmr,timerides,1
msaunby,timerides,1
kimxtom,timerides,1
HigherEdSurge,timerides,1
pstplanet,timerides,1
MarshallAndie,timerides,1
davidascher,timerides,1
jgmac1106,timerides,1
HoudaElmimouni,timerides,1
rachelmmagee,timerides,1
hannahkane,timerides,1
adamlofting,timerides,1
Kusunoki,timerides,1
jiangenhe,timerides,1
asist_org,timerides,1
thomashpark,timerides,1
theWEBCORE,timerides,1
kimeunsik,timerides,1
NLPenguin,timerides,1
_dorsey_usilman,timerides,1
librarianSY,timerides,1
s_0_n_g,timerides,1
giftzee,timerides,1
Laurak7,timerides,1
grecia_alvarez,timerides,1
followinfosci,java,1
followinfosci,springframework,1
followinfosci,ijdl,1
followinfosci,DrexelCCI,1
followinfosci,SIGIRForum,1
followinfosci,ACM_CHIIR,1
followinfosci,iconf,1
followinfosci,JASIST,1
followinfosci,asist_org,1
followinfosci,iSchools,1
followinfosci,DrexelNow,1
followinfosci,DrexelUniv,1
followinfosci,DrexelNews,1
followinfosci,ACMSIGIR,1
OxyonHCS,followinfosci,1
gaosuwoniu,followinfosci,1
timerides,followinfosci,1
YuanyuanFeng,timerides,1
YuanyuanFeng,mistygogo,1
YuanyuanFeng,ChubingHong,1
YuanyuanFeng,twitterapi,1
YuanyuanFeng,TwoDanZ,1
YuanyuanFeng,lolthyself,1
YuanyuanFeng,AdamTownes,1
YuanyuanFeng,danibcook,1
YuanyuanFeng,bibliofille,1
YuanyuanFeng,hauspoor,1
YuanyuanFeng,yongjunzhu,1
YuanyuanFeng,pmgargard,1
YuanyuanFeng,Zhang_Neil,1
YuanyuanFeng,FanFu_126,1
YuanyuanFeng,MozMeng,1
YuanyuanFeng,HHJanes,1
YuanyuanFeng,fdemilywong,1
YuanyuanFeng,cnnbrk,1
gaosuwoniu,YuanyuanFeng,1
timerides,YuanyuanFeng,1
murigen222,YuanyuanFeng,1
ChubingHong,YuanyuanFeng,1
SunnyChen2012,YuanyuanFeng,1
bibliofille,YuanyuanFeng,1
yueyue89313,YuanyuanFeng,1
Zhang_Neil,YuanyuanFeng,1
FanFu_126,YuanyuanFeng,1
curtarledge,YuanyuanFeng,1
Nalsi,YuanyuanFeng,1
LAVStroscio,YuanyuanFeng,1
HHJanes,YuanyuanFeng,1
fdemilywong,YuanyuanFeng,1
gaosuwoniu,Wei_Jeon,1
gaosuwoniu,jiangenhe,1
gaosuwoniu,Tina_mnzhao,1
gaosuwoniu,followinfosci,1
gaosuwoniu,timerides,1
gaosuwoniu,YuanyuanFeng,1
gaosuwoniu,mina_myoung,1
gaosuwoniu,nytimes,1
gaosuwoniu,elonmusk,1
gaosuwoniu,EconomistOnce,1
gaosuwoniu,Drake,1
gaosuwoniu,WSJ,1
gaosuwoniu,Refinery29,1
gaosuwoniu,katyperry,1
gaosuwoniu,TheEconomist,1
gaosuwoniu,Forbes,1
gaosuwoniu,TheEllenShow,1
gaosuwoniu,taylorswift13,1
gaosuwoniu,jimmyfallon,1
gaosuwoniu,epicurious,1
gaosuwoniu,Mariobatali,1
gaosuwoniu,Phillies,1
gaosuwoniu,andersoncooper,1
gaosuwoniu,Rick_Bayless,1
gaosuwoniu,TwitterSports,1
gaosuwoniu,Bourdain,1
gaosuwoniu,funnyordie,1
gaosuwoniu,SarahKSilverman,1
gaosuwoniu,Reuters,1
gaosuwoniu,foodandwine,1
gaosuwoniu,BarackObama,1
gaosuwoniu,penguinusa,1
gaosuwoniu,ComputerSociety,1
gaosuwoniu,HarperCollins,1
Tina_mnzhao,gaosuwoniu,1
timerides,gaosuwoniu,1
Tina_mnzhao,truthorange,1
Tina_mnzhao,gaosuwoniu,1
Tina_mnzhao,timerides,1
Tina_mnzhao,qysnolan,1
Tina_mnzhao,cnnbrk,1
Tina_mnzhao,CNN,1
Tina_mnzhao,ActuallyNPH,1
Tina_mnzhao,itsmeleighton,1
Tina_mnzhao,blakeshelton,1
Tina_mnzhao,adamlevine,1
Tina_mnzhao,jk_rowling,1
Tina_mnzhao,EmWatson,1
Tina_mnzhao,RealHughJackman,1
Tina_mnzhao,_Snape_,1
Tina_mnzhao,BeckhamUpdate,1
Tina_mnzhao,victoriabeckham,1
Tina_mnzhao,DavidBeckhamWeb,1
gaosuwoniu,Tina_mnzhao,1
timerides,Tina_mnzhao,1
khatenocos,Tina_mnzhao,1
qysnolan,Tina_mnzhao,1
TOMMYMUFC20,Tina_mnzhao,1
Wei_Jeon,WekaMOOC,1
Wei_Jeon,timerides,1
Wei_Jeon,Ljkulp,1
Wei_Jeon,ACM_CSCW,1
Wei_Jeon,oliverhaimson,1
Wei_Jeon,bdosono,1
Wei_Jeon,jermdemo,1
Wei_Jeon,naz_andalibi,1
Wei_Jeon,MSFTResearch,1
Wei_Jeon,ASISTsigSI,1
Wei_Jeon,DrexelDragons,1
Wei_Jeon,DrexelWriting,1
Wei_Jeon,LiveItFitDrexel,1
Wei_Jeon,DrexelScholars,1
Wei_Jeon,BPM_Syracuse,1
Wei_Jeon,netflix,1
Wei_Jeon,GameOfThrones,1
Wei_Jeon,thejadeant,1
Wei_Jeon,FKEspino,1
Wei_Jeon,MattfDoyle,1
Wei_Jeon,internetresearc,1
Wei_Jeon,DiggingIntoData,1
Wei_Jeon,commonculture,1
Wei_Jeon,peopleschoice,1
Wei_Jeon,ConnorFranta,1
Wei_Jeon,ShawnMendes,1
Wei_Jeon,NEXIS_SU,1
Wei_Jeon,PhantomBway,1
Wei_Jeon,LesMizBway,1
Wei_Jeon,ChrisMzCarrell,1
Wei_Jeon,iconf,1
Wei_Jeon,jasonpriem,1
Wei_Jeon,MaxCRoser,1
Wei_Jeon,DrexelISSS,1
Wei_Jeon,threebarebears,1
Wei_Jeon,jenmorrisonlive,1
Wei_Jeon,joshdallas,1
Wei_Jeon,tylerjblackburn,1
Wei_Jeon,RaphaelSbarge,1
Wei_Jeon,idinamenzel,1
Wei_Jeon,MRaymondJames,1
Wei_Jeon,RobbieKay_,1
Wei_Jeon,OnceUponTimeABC,1
Wei_Jeon,LanaParrilla,1
Wei_Jeon,CiteSpace,1
Wei_Jeon,iSchools,1
Wei_Jeon,DrexelMaterials,1
Wei_Jeon,Steinbright,1
Wei_Jeon,DrexelGradColl,1
Wei_Jeon,DrexelNow,1
Wei_Jeon,Drexel_GSA,1
Wei_Jeon,FNC_ENT,1
Wei_Jeon,CN_FANCLUB,1
Wei_Jeon,grahamPmartin,1
Wei_Jeon,ReallyCody,1
Wei_Jeon,brantdaugherty,1
Wei_Jeon,cnbluegt,1
Wei_Jeon,JYHeffect,1
Wei_Jeon,MentalShin,1
Wei_Jeon,MR_KANGGUN,1
Wei_Jeon,CNBLUE_4,1
Wei_Jeon,NICKIMINAJ,1
Wei_Jeon,ashley_chasse,1
Wei_Jeon,Ziboli25,1
Wei_Jeon,Txt_Mining,1
Wei_Jeon,OnceABC,1
Wei_Jeon,colinodonoghue1,1
Wei_Jeon,kosmosWS,1
Wei_Jeon,ApacheIgnite,1
Wei_Jeon,mwbriles,1
Wei_Jeon,affariproject,1
Wei_Jeon,MikeSchiemer,1
Wei_Jeon,QuestionAnders,1
Wei_Jeon,ceskavich,1
Wei_Jeon,doctorjeff,1
Wei_Jeon,JamieDornan,1
Wei_Jeon,jk_rowling,1
Wei_Jeon,DrWhoOnline,1
Wei_Jeon,doctorwhotv,1
Wei_Jeon,DW_Experience,1
Wei_Jeon,doctorwhosite,1
Wei_Jeon,DoctorWhoNews,1
Wei_Jeon,BBCAMERICA,1
Wei_Jeon,FreemaOfficial,1
Wei_Jeon,DWMtweets,1
Wei_Jeon,karengillan,1
Wei_Jeon,DWBBCBooks,1
Wei_Jeon,billiepiper,1
Wei_Jeon,David_Tennant,1
Wei_Jeon,datawallow,1
Wei_Jeon,cBEYONData,1
Wei_Jeon,Data88Smart,1
Wei_Jeon,npr_Studio1,1
Wei_Jeon,jg88354,1
Wei_Jeon,technolibrary,1
Wei_Jeon,wp_chase,1
Wei_Jeon,BIdotcom,1
Wei_Jeon,MaryAugusta,1
Wei_Jeon,smithsonian,1
Wei_Jeon,janholmquist,1
Wei_Jeon,WileyEd,1
Wei_Jeon,joseph_vasquez,1
Wei_Jeon,EricWenham,1
Wei_Jeon,TestingSaaS,1
Wei_Jeon,Everydata,1
Wei_Jeon,Data_Informed,1
Wei_Jeon,7shores,1
Wei_Jeon,JN_Wiley,1
Wei_Jeon,InquiringJoy,1
Wei_Jeon,gruset,1
Wei_Jeon,iii_Innovative,1
Wei_Jeon,aainfopro,1
Wei_Jeon,libraryfocus,1
Wei_Jeon,Libraryjuan,1
Wei_Jeon,msbrizzle,1
Wei_Jeon,tdav,1
Wei_Jeon,Data88Geek,1
Wei_Jeon,SarahFelkar,1
Wei_Jeon,dferriero,1
Wei_Jeon,data_society,1
Wei_Jeon,jpalfrey,1
Wei_Jeon,jtoy,1
Wei_Jeon,Ednever,1
Wei_Jeon,prdeepakbabu,1
Wei_Jeon,InfoWitch,1
Wei_Jeon,hathitrust,1
Wei_Jeon,internetarchive,1
Wei_Jeon,dpla,1
Wei_Jeon,US_IMLS,1
Wei_Jeon,AbbyBlachly,1
Wei_Jeon,LibraryThing,1
Wei_Jeon,librarythingtim,1
Wei_Jeon,carlchaynes,1
Wei_Jeon,LTforLibraries,1
Wei_Jeon,WDLorg,1
Wei_Jeon,USNatArchives,1
Wei_Jeon,katrina_mm,1
Wei_Jeon,archivesnews,1
Wei_Jeon,deirdre_lyon,1
Wei_Jeon,james_lead,1
Wei_Jeon,MCIsom,1
Wei_Jeon,literandia,1
Wei_Jeon,stevedenning,1
Wei_Jeon,katrina_lib,1
Wei_Jeon,TaronEgerton,1
Wei_Jeon,betaphimu,1
Wei_Jeon,austinfalk,1
Wei_Jeon,Analytics_Sam,1
Wei_Jeon,Daredevil,1
Wei_Jeon,Agent_Analytics,1
Wei_Jeon,Queen_UK,1
Wei_Jeon,ArtofWarm,1
Wei_Jeon,BigDataGal,1
Wei_Jeon,DLind,1
Wei_Jeon,ericmkrop,1
Wei_Jeon,SteveSaul82,1
Wei_Jeon,_krisjack,1
Wei_Jeon,AndrewYNg,1
Wei_Jeon,delta0lin,1
Wei_Jeon,ZachSchleien,1
Wei_Jeon,DataSciJ,1
Wei_Jeon,datadryad,1
Wei_Jeon,DublinCore,1
Wei_Jeon,rOpenSci,1
Wei_Jeon,ansi_niso,1
Wei_Jeon,DataONEorg,1
Wei_Jeon,PLOSONE,1
Wei_Jeon,CODATANews,1
Wei_Jeon,asist_org,1
Wei_Jeon,dcmi13,1
Wei_Jeon,digitalcuration,1
Wei_Jeon,openscience,1
Wei_Jeon,all_metadata,1
Wei_Jeon,warrensallen,1
Wei_Jeon,LibraryRealTalk,1
Wei_Jeon,JingWendy,1
Wei_Jeon,myhou08,1
Wei_Jeon,MathsRR,1
Wei_Jeon,ActuallyNPH,1
Wei_Jeon,business,1
Wei_Jeon,tableau,1
Wei_Jeon,infoscience_rr,1
Wei_Jeon,swirlstats,1
Wei_Jeon,DULibraries,1
Wei_Jeon,FSUCCI,1
Wei_Jeon,DrexelCCI,1
Wei_Jeon,DrexelNews,1
Wei_Jeon,DrexelUniv,1
Wei_Jeon,PhDiSchoolSU,1
Wei_Jeon,BITS_Lab,1
Wei_Jeon,gil_tellez,1
Wei_Jeon,drchuck,1
Wei_Jeon,LukeBryanOnline,1
Wei_Jeon,monkeylearn,1
Wei_Jeon,TeenWorxSalina,1
Wei_Jeon,librarysoupblog,1
Wei_Jeon,Xinyu55666494,1
Wei_Jeon,XiaoYan_10,1
Wei_Jeon,iROCKBUNNY,1
Wei_Jeon,SyracuseParks,1
Wei_Jeon,OnondagaCoParks,1
Wei_Jeon,OnondagaCounty,1
Wei_Jeon,EversonMuseum,1
Wei_Jeon,CNYcentral,1
Wei_Jeon,SyrNewTimes,1
Wei_Jeon,CNYBuzz,1
Wei_Jeon,BofA_Tips,1
Wei_Jeon,BofA_Help,1
Wei_Jeon,BofA_News,1
Wei_Jeon,BankofAmerica,1
Wei_Jeon,Discover,1
Wei_Jeon,syracusedaily,1
Wei_Jeon,SyracuseNews,1
Wei_Jeon,airfarewatchdog,1
Wei_Jeon,TheFlightDeal,1
Wei_Jeon,Strugglingteens,1
Wei_Jeon,DrWhatWebSeries,1
Wei_Jeon,ShotaMatsushima,1
Wei_Jeon,RattyBurvil,1
Wei_Jeon,DoctorWho_BBCA,1
Wei_Jeon,bbcdoctorwho,1
Wei_Jeon,rvtea,1
Wei_Jeon,JJODonnell23,1
Wei_Jeon,manse7,1
Wei_Jeon,Cobrakai1972,1
Wei_Jeon,domienterprises,1
Wei_Jeon,MrRobertScott,1
Wei_Jeon,dugule68,1
Wei_Jeon,meghasuresh,1
Wei_Jeon,TextMining_r,1
Wei_Jeon,pike_place,1
Wei_Jeon,space_needle,1
Wei_Jeon,EMPmuseum,1
Wei_Jeon,JonnyBailey,1
Wei_Jeon,TEDNews,1
Wei_Jeon,coursera,1
Wei_Jeon,RyanLizza,1
Wei_Jeon,UpstateMerch,1
Wei_Jeon,ChristophrWood,1
Wei_Jeon,Mjamesantonio,1
Wei_Jeon,sqlpros,1
Wei_Jeon,ijstokes,1
Wei_Jeon,Phil_Gaskin,1
Wei_Jeon,washingtonpost,1
Wei_Jeon,USATODAY,1
Wei_Jeon,slee0327,1
Wei_Jeon,CW_TheFlash,1
Wei_Jeon,grantgust,1
Wei_Jeon,OfficialHIMYM,1
Wei_Jeon,CBS,1
Wei_Jeon,TwoAndAHalfMen,1
Wei_Jeon,NicoleScherzy,1
Wei_Jeon,EzraPenland,1
Wei_Jeon,katyperry,1
Wei_Jeon,channingtatum,1
Wei_Jeon,aplusk,1
Wei_Jeon,stevenakrueger,1
Wei_Jeon,daniel_sharman,1
Wei_Jeon,jdross,1
Wei_Jeon,iCareersSU,1
Wei_Jeon,stirlingdm,1
Wei_Jeon,Syracuse1848,1
Wei_Jeon,SyracuseULib,1
Wei_Jeon,SyracuseDPS,1
Wei_Jeon,SUJobs,1
Wei_Jeon,VisitSyracuse,1
Wei_Jeon,NewsHouse,1
Wei_Jeon,WorkingOrange,1
Wei_Jeon,SUAlums,1
Wei_Jeon,BBCWorld,1
Wei_Jeon,nytimes,1
Wei_Jeon,ABC,1
Wei_Jeon,NBCNews,1
Wei_Jeon,CBSNews,1
Wei_Jeon,HuffPostBiz,1
Wei_Jeon,Timodc,1
Wei_Jeon,danmericaCNN,1
Wei_Jeon,branden466,1
Wei_Jeon,SysorexGlobal,1
Wei_Jeon,PeterHamby,1
Wei_Jeon,beautbradley,1
Wei_Jeon,InjeneralPeters,1
Wei_Jeon,ABCPolitics,1
Wei_Jeon,FoxNews,1
Wei_Jeon,NBCPolitics,1
Wei_Jeon,foxnewspolitics,1
Wei_Jeon,CBSPolitics,1
Wei_Jeon,CNNPolitics,1
Wei_Jeon,data_freelance,1
Wei_Jeon,Bigdatamedia1,1
Wei_Jeon,BigDataMercs,1
Wei_Jeon,ITSN_Cloud,1
Wei_Jeon,ITSN_BIGDATA,1
Wei_Jeon,BigDataSurveys,1
Wei_Jeon,DataScienceCtrl,1
Wei_Jeon,Texata,1
Wei_Jeon,AoIR_org,1
Wei_Jeon,TEDxSyracuseU,1
Wei_Jeon,BelieveInSYR,1
Wei_Jeon,NewsChannel9,1
Wei_Jeon,TIME,1
Wei_Jeon,NSF,1
Wei_Jeon,KateKenski,1
Wei_Jeon,nicoteiz,1
Wei_Jeon,analyticbridge,1
Wei_Jeon,Datafloq,1
Wei_Jeon,BigDataBlogs,1
Wei_Jeon,kaggle,1
Wei_Jeon,SmartDataCo,1
Wei_Jeon,YouTube,1
Wei_Jeon,gjsmiti3,1
Wei_Jeon,patyrossini,1
Wei_Jeon,WhoClass,1
Wei_Jeon,LiuYliu198,1
Wei_Jeon,EbolaAlert,1
Wei_Jeon,NewhouseSU,1
Wei_Jeon,jpassetti,1
Wei_Jeon,LISResearch,1
Wei_Jeon,NewslockLibrary,1
Wei_Jeon,xiaoqiwu123,1
Wei_Jeon,notcolinmochrie,1
Wei_Jeon,sminfolab,1
Wei_Jeon,bsemaan,1
Wei_Jeon,wanpiqiao,1
Wei_Jeon,ZhuClare,1
Wei_Jeon,NYLawInstitute,1
Wei_Jeon,Lindsey0330,1
Wei_Jeon,JeffHemsley,1
Wei_Jeon,OracleDatabase,1
Wei_Jeon,Oracle,1
Wei_Jeon,FiveThirtyEight,1
Wei_Jeon,NateSilver538,1
Wei_Jeon,gagsong,1
Wei_Jeon,JetBlue,1
Wei_Jeon,CNN,1
Wei_Jeon,Bio_YAO,1
Wei_Jeon,alexgoot,1
Wei_Jeon,MattSteffanina,1
Wei_Jeon,DaaamnDuuunc,1
Wei_Jeon,davidpecklive,1
Wei_Jeon,iSchoolSU_iSGO,1
Wei_Jeon,strisunshine,1
Wei_Jeon,LibraryFAQs,1
Wei_Jeon,Miles_Teller,1
Wei_Jeon,metaschemer,1
Wei_Jeon,JessicaRegitano,1
Wei_Jeon,lin_fancy,1
Wei_Jeon,OCPL_CNY,1
Wei_Jeon,fayettevillelib,1
Wei_Jeon,DeWittLibrary,1
Wei_Jeon,salinalibrary,1
Wei_Jeon,amlibraries,1
Wei_Jeon,dailyorange,1
Wei_Jeon,CareerSU,1
Wei_Jeon,noplibrary,1
Wei_Jeon,npr_rad,1
Wei_Jeon,ALA_ACRL,1
Wei_Jeon,SyracuseUNews,1
Wei_Jeon,LiverpoolPubLib,1
Wei_Jeon,SUcampus,1
Wei_Jeon,ALA_LITA,1
Wei_Jeon,alanews,1
Wei_Jeon,OCPL_Central,1
Wei_Jeon,ALA_TechSource,1
Wei_Jeon,OCLC,1
Wei_Jeon,NPR,1
Wei_Jeon,LISNews,1
Wei_Jeon,Team_Barrowman,1
Wei_Jeon,yossuief2012,1
Wei_Jeon,excesslyrics,1
Wei_Jeon,AgentsofSHIELD,1
Wei_Jeon,thorofficial,1
Wei_Jeon,Avengers,1
Wei_Jeon,RobertDowneyJr,1
Wei_Jeon,henare,1
Wei_Jeon,twhiddleston,1
Wei_Jeon,RioMovie,1
Wei_Jeon,SpanglyCaptain,1
Wei_Jeon,CaptainAmerica,1
Wei_Jeon,ChrisEvans,1
Wei_Jeon,philshapiro,1
Wei_Jeon,StudentsOfMU,1
Wei_Jeon,MaxGreenberg,1
Wei_Jeon,libraryfuture,1
Wei_Jeon,thejenwolfe,1
Wei_Jeon,msylvain,1
Wei_Jeon,historybuff820,1
Wei_Jeon,DataIsBeautiful,1
Wei_Jeon,ProvincetownLib,1
Wei_Jeon,TEDTalks,1
Wei_Jeon,WeAreLibrarians,1
Wei_Jeon,niwandajones,1
Wei_Jeon,jenniferwaller,1
Wei_Jeon,thinkpol,1
Wei_Jeon,LCPLWeb,1
Wei_Jeon,laurasolomon,1
Wei_Jeon,HieAnon,1
Wei_Jeon,MikeLydon,1
Wei_Jeon,hbraum,1
Wei_Jeon,CodersGrid,1
Wei_Jeon,eastern_branch,1
Wei_Jeon,MichaelBuono,1
Wei_Jeon,pollyalida,1
Wei_Jeon,social_searcher,1
Wei_Jeon,dr_morton,1
Wei_Jeon,TheSocialQuant,1
Wei_Jeon,MichaelSteger11,1
Wei_Jeon,MattLanter,1
Wei_Jeon,wingcitymedia,1
Wei_Jeon,kellyLcoulter,1
Wei_Jeon,HiddenPeanuts,1
Wei_Jeon,modrobotics,1
Wei_Jeon,InternetMethods,1
Wei_Jeon,profjsg,1
Wei_Jeon,mebs,1
Wei_Jeon,dweinberger,1
Wei_Jeon,21Toys,1
Wei_Jeon,BitBodkin,1
Wei_Jeon,bpichman,1
Wei_Jeon,SLAhq,1
Wei_Jeon,LibConf,1
Wei_Jeon,littleBits,1
Wei_Jeon,thuslibrarians,1
Wei_Jeon,lzcrowder,1
Wei_Jeon,Lambsone,1
Wei_Jeon,HyerinBak,1
Wei_Jeon,nypl,1
Wei_Jeon,CLRC,1
Wei_Jeon,nuclearladybug,1
Wei_Jeon,ClevelandBob,1
Wei_Jeon,SHelson209,1
Wei_Jeon,BrianChi1,1
Wei_Jeon,librarygame,1
Wei_Jeon,TeacupKlatch,1
Wei_Jeon,enews,1
Wei_Jeon,TomFelton,1
Wei_Jeon,Nestle,1
Wei_Jeon,ITU,1
Wei_Jeon,INTERPOL_HQ,1
Wei_Jeon,Chase,1
Wei_Jeon,jpmorgan,1
Wei_Jeon,Heineken,1
Wei_Jeon,annefrankhouse,1
Wei_Jeon,CERN,1
Wei_Jeon,accuweather,1
Wei_Jeon,knife1213,1
Wei_Jeon,StandForDance,1
Wei_Jeon,HarryShumJr,1
Wei_Jeon,gabrielecirulli,1
Wei_Jeon,kajustus,1
Wei_Jeon,DMeky,1
Wei_Jeon,ardeninred,1
Wei_Jeon,LeoDiCaprio,1
Wei_Jeon,EmWatson,1
Wei_Jeon,hitRECordJoe,1
Wei_Jeon,jtimberlake,1
Wei_Jeon,TheEllenShow,1
Wei_Jeon,DandyWeng,1
Wei_Jeon,KusturieM,1
Wei_Jeon,TheDataDiva,1
Wei_Jeon,jhrubin,1
Wei_Jeon,lizliddy,1
Wei_Jeon,rotolo,1
Wei_Jeon,VP,1
Wei_Jeon,Dropbox,1
Wei_Jeon,realjinhyuk,1
Wei_Jeon,CNBMinhyuk,1
Wei_Jeon,MiaBreitkopf,1
Wei_Jeon,barbstripling,1
Wei_Jeon,Nalsi,1
Wei_Jeon,MollyBassford,1
Wei_Jeon,Anna_Bananagram,1
Wei_Jeon,ArielPomputius,1
Wei_Jeon,noah_bean,1
Wei_Jeon,jhutch1992,1
Wei_Jeon,DevonESawa,1
Wei_Jeon,shanewest,1
Wei_Jeon,rachelboston,1
Wei_Jeon,EricWinter1,1
Wei_Jeon,danielditomasso,1
Wei_Jeon,WitchesEastEnd,1
Wei_Jeon,JakeRobinsonAct,1
Wei_Jeon,buhdools,1
Wei_Jeon,cfargnol,1
Wei_Jeon,ShannonC315,1
Wei_Jeon,spkowalski,1
Wei_Jeon,unwordedly,1
Wei_Jeon,esfMoon,1
Wei_Jeon,kristenscowls,1
Wei_Jeon,sarahmach21,1
Wei_Jeon,trailhoundz,1
Wei_Jeon,C_d_welch,1
Wei_Jeon,pamelajgardner,1
Wei_Jeon,terriwillmore,1
Wei_Jeon,ruthadelia,1
Wei_Jeon,SarahSbratt,1
Wei_Jeon,NancarrowB,1
Wei_Jeon,KyraLNay,1
Wei_Jeon,annachovanec,1
Wei_Jeon,Gabe_Thompson,1
Wei_Jeon,italstallianion,1
Wei_Jeon,ProQuest,1
Wei_Jeon,TVGuideMagazine,1
Wei_Jeon,MLArents,1
Wei_Jeon,msnyde01,1
Wei_Jeon,library_anne12,1
Wei_Jeon,jmac5241977,1
Wei_Jeon,ChadOnData,1
Wei_Jeon,AdAstraEliz,1
Wei_Jeon,itsmeleighton,1
Wei_Jeon,gossipgirl,1
Wei_Jeon,CHACE_CRAWF0RD,1
Wei_Jeon,TVD_Network,1
Wei_Jeon,JoseMolinaTV,1
Wei_Jeon,erfinchie,1
Wei_Jeon,Young_Brian,1
Wei_Jeon,carolinedries,1
Wei_Jeon,MichaelNarducci,1
Wei_Jeon,julieplec,1
Wei_Jeon,tvdnews,1
Wei_Jeon,VampireDiarieCW,1
Wei_Jeon,iansomerhalder,1
Wei_Jeon,paulwesley,1
Wei_Jeon,danieljgillies,1
Wei_Jeon,JosephMorgan,1
Wei_Jeon,ninadobrev,1
Wei_Jeon,KatGraham,1
Wei_Jeon,ZacEfron,1
Wei_Jeon,austinbutler,1
Wei_Jeon,MaggieQ,1
Wei_Jeon,cwnikita,1
Wei_Jeon,bigbangtheory,1
Wei_Jeon,HowIMetMother,1
Wei_Jeon,DowntonAbbey,1
Wei_Jeon,GLEEonFOX,1
Wei_Jeon,GreysABC,1
Wei_Jeon,cwtcd,1
Wei_Jeon,TheCW,1
Wei_Jeon,cworiginals,1
Wei_Jeon,cwtvd,1
Wei_Jeon,Elementary_CBS,1
Wei_Jeon,LucyLiu,1
Wei_Jeon,cjsmith316,1
Wei_Jeon,snicholson,1
Wei_Jeon,jill_hw,1
Wei_Jeon,buffyjhamilton,1
Wei_Jeon,LMBritton,1
Wei_Jeon,jessamyn,1
Wei_Jeon,sabram,1
Wei_Jeon,davidleeking,1
Wei_Jeon,shifted,1
Wei_Jeon,rdlankes,1
Wei_Jeon,iSchoolSU,1
Wei_Jeon,ILoveLibraries,1
Wei_Jeon,LibraryJournal,1
Wei_Jeon,librarycongress,1
Wei_Jeon,ALALibrary,1
Wei_Jeon,ladygaga,1
Wei_Jeon,BarackObama,1
Wei_Jeon,instagram,1
gaosuwoniu,Wei_Jeon,1
IWM_FractAlerts,Wei_Jeon,1
kmaruncic,Wei_Jeon,1
czebrowski1,Wei_Jeon,1
Habitat_UCity,Wei_Jeon,1
jermdemo,Wei_Jeon,1
timerides,Wei_Jeon,1
bdosono,Wei_Jeon,1
oliverhaimson,Wei_Jeon,1
rain2009218,Wei_Jeon,1
crazymohit2007,Wei_Jeon,1
nifilippova3747,Wei_Jeon,1
avreliyaalekse1,Wei_Jeon,1
zykofykuwami,Wei_Jeon,1
BPM_Syracuse,Wei_Jeon,1
neycwcy10,Wei_Jeon,1
thejadeant,Wei_Jeon,1
carlchaynes,Wei_Jeon,1
fayettevillelib,Wei_Jeon,1
internetresearc,Wei_Jeon,1
MarkosReyes2,Wei_Jeon,1
sarah_sykes1,Wei_Jeon,1
wang_qianyi,Wei_Jeon,1
DrexelISSS,Wei_Jeon,1
nusewenobur,Wei_Jeon,1
PraharSishtla,Wei_Jeon,1
Txt_Mining,Wei_Jeon,1
Ziboli25,Wei_Jeon,1
ashley_chasse,Wei_Jeon,1
huiminzhao1991,Wei_Jeon,1
govner12345,Wei_Jeon,1
xiaonanliu1,Wei_Jeon,1
hildakw,Wei_Jeon,1
kosmosWS,Wei_Jeon,1
ApacheIgnite,Wei_Jeon,1
mwbriles,Wei_Jeon,1
MikeSchiemer,Wei_Jeon,1
jovitagonzale48,Wei_Jeon,1
msbrizzle,Wei_Jeon,1
doctorjeff,Wei_Jeon,1
KingArmani1337,Wei_Jeon,1
affariproject,Wei_Jeon,1
datawallow,Wei_Jeon,1
Data88Smart,Wei_Jeon,1
SarahFelkar,Wei_Jeon,1
BIdotcom,Wei_Jeon,1
WileyEd,Wei_Jeon,1
libraryfocus,Wei_Jeon,1
TestingSaaS,Wei_Jeon,1
EricWenham,Wei_Jeon,1
iii_Innovative,Wei_Jeon,1
gruset,Wei_Jeon,1
Data88Geek,Wei_Jeon,1
literandia,Wei_Jeon,1
katrina_lib,Wei_Jeon,1
MarylandTrust,Wei_Jeon,1
Analytics_Sam,Wei_Jeon,1
Tianllin,Wei_Jeon,1
ArtofWarm,Wei_Jeon,1
BigDataGal,Wei_Jeon,1
delta0lin,Wei_Jeon,1
digitalcuration,Wei_Jeon,1
MathsRR,Wei_Jeon,1
myhou08,Wei_Jeon,1
infoscience_rr,Wei_Jeon,1
BITS_Lab,Wei_Jeon,1
gil_tellez,Wei_Jeon,1
JingWendy,Wei_Jeon,1
LibraryRealTalk,Wei_Jeon,1
TeenWorxSalina,Wei_Jeon,1
LiverpoolPubLib,Wei_Jeon,1
iROCKBUNNY,Wei_Jeon,1
XiaoYan_10,Wei_Jeon,1
PonoExpress,Wei_Jeon,1
Xinyu55666494,Wei_Jeon,1
airfarewatchdog,Wei_Jeon,1
SyrNewTimes,Wei_Jeon,1
Strugglingteens,Wei_Jeon,1
recklessking60,Wei_Jeon,1
rvtea,Wei_Jeon,1
dugule68,Wei_Jeon,1
UpstateMerch,Wei_Jeon,1
MystikSuicide,Wei_Jeon,1
Phil_Gaskin,Wei_Jeon,1
slee0327,Wei_Jeon,1
EzraPenland,Wei_Jeon,1
stirlingdm,Wei_Jeon,1
branden466,Wei_Jeon,1
SysorexGlobal,Wei_Jeon,1
gjsmiti3,Wei_Jeon,1
patyrossini,Wei_Jeon,1
LiuYliu198,Wei_Jeon,1
NewslockLibrary,Wei_Jeon,1
MichaelBuono,Wei_Jeon,1
iSchoolSU_iSGO,Wei_Jeon,1
xiaoqiwu123,Wei_Jeon,1
wanpiqiao,Wei_Jeon,1
ZhuClare,Wei_Jeon,1
NYLawInstitute,Wei_Jeon,1
LogoedPackage,Wei_Jeon,1
Lindsey0330,Wei_Jeon,1
Bio_YAO,Wei_Jeon,1
KusturieM,Wei_Jeon,1
ChadOnData,Wei_Jeon,1
DaaamnDuuunc,Wei_Jeon,1
davidpecklive,Wei_Jeon,1
ZeSimonne,Wei_Jeon,1
metaschemer,Wei_Jeon,1
JessicaRegitano,Wei_Jeon,1
lin_fancy,Wei_Jeon,1
ALA_LITA,Wei_Jeon,1
excesslyrics,Wei_Jeon,1
yossuief2012,Wei_Jeon,1
LCPLWeb,Wei_Jeon,1
henare,Wei_Jeon,1
philshapiro,Wei_Jeon,1
StudentsOfMU,Wei_Jeon,1
historybuff820,Wei_Jeon,1
libraryfuture,Wei_Jeon,1
thejenwolfe,Wei_Jeon,1
niwandajones,Wei_Jeon,1
laurasolomon,Wei_Jeon,1
social_searcher,Wei_Jeon,1
dr_morton,Wei_Jeon,1
sansingla,Wei_Jeon,1
wingcitymedia,Wei_Jeon,1
21Toys,Wei_Jeon,1
HyerinBak,Wei_Jeon,1
DMeky,Wei_Jeon,1
bpichman,Wei_Jeon,1
BitBodkin,Wei_Jeon,1
SHelson209,Wei_Jeon,1
nuclearladybug,Wei_Jeon,1
usapalomar712,Wei_Jeon,1
TeacupKlatch,Wei_Jeon,1
StandForDance,Wei_Jeon,1
kajustus,Wei_Jeon,1
ardeninred,Wei_Jeon,1
Anna_Bananagram,Wei_Jeon,1
ruthadelia,Wei_Jeon,1
Nalsi,Wei_Jeon,1
C_d_welch,Wei_Jeon,1
library_anne12,Wei_Jeon,1
unwordedly,Wei_Jeon,1
ShannonC315,Wei_Jeon,1
kristenscowls,Wei_Jeon,1
sarahmach21,Wei_Jeon,1
NancarrowB,Wei_Jeon,1
KyraLNay,Wei_Jeon,1
annachovanec,Wei_Jeon,1
cfargnol,Wei_Jeon,1
italstallianion,Wei_Jeon,1
msnyde01,Wei_Jeon,1
AdAstraEliz,Wei_Jeon,1
Gabe_Thompson,Wei_Jeon,1
NikolaLeskova,Wei_Jeon,1
cjsmith316,Wei_Jeon,1
jill_hw,Wei_Jeon,1
jiangenhe,JASIST,1
jiangenhe,Dropbox,1
jiangenhe,eigenfactor,1
jiangenhe,BillGates,1
jiangenhe,tim_cook,1
jiangenhe,iSchools,1
jiangenhe,jeffrey_heer,1
jiangenhe,benbendc,1
jiangenhe,seakha,1
jiangenhe,visitphilly,1
jiangenhe,PhillyDeals_,1
jiangenhe,Vis_Analytics,1
jiangenhe,SASUK_VAnalytic,1
jiangenhe,LoveMyPhilly,1
jiangenhe,PhiladelphiaGov,1
jiangenhe,jtimberlake,1
jiangenhe,scimago,1
jiangenhe,PaperCritic,1
jiangenhe,CiteSpace,1
jiangenhe,zhaohaozhen,1
jiangenhe,timerides,1
jiangenhe,HoudaElmimouni,1
jiangenhe,ChaomeiChen,1
jiangenhe,LiveItFitDrexel,1
jiangenhe,DrexelCCI,1
jiangenhe,instagram,1
jiangenhe,scheidegger,1
jiangenhe,ieeevis,1
jiangenhe,manyeyes,1
jiangenhe,shixia_snoopy,1
jiangenhe,IBMWatson,1
jiangenhe,Starbucks,1
jiangenhe,britneyspears,1
jiangenhe,Stefsunyanzi,1
gaosuwoniu,jiangenhe,1
timerides,jiangenhe,1
zhaohaozhen,jiangenhe,1
yuanlx,jiangenhe,1