person_1,person_2
timerides,Tina_mnzhao
timerides,gaosuwoniu
timerides,followinfosci
timerides,simonwex
timerides,YuanyuanFeng
timerides,lulu_maltese
timerides,cmaxw
timerides,BeTwinned
timerides,Wei_Jeon
timerides,M_E_Winstead
timerides,timgorichanaz
timerides,HiveATX
timerides,arlissc99
timerides,littlecalculist
timerides,oliverhaimson
timerides,kirstie_j
timerides,ErikaDrush
timerides,mw
timerides,leejoeyk
timerides,omnignorant
timerides,msaunby
timerides,mistavila
timerides,kimxtom
timerides,DrPyo
timerides,jla_editorial
timerides,rbmllr
timerides,imjuhokim
timerides,myeeking
timerides,stephteasley
timerides,asbruckman
timerides,pstplanet
timerides,innostudy
timerides,MarshallAndie
timerides,scratch
timerides,ChanningAllen
timerides,MarcusBiel
timerides,NYCodeDesign
timerides,hopesumi
timerides,SpiderMonkeyJS
timerides,davidascher
timerides,timlincecum
timerides,jgmac1106
timerides,jasonfried
timerides,Jaemyung_Lee
timerides,Spotburgers
timerides,jucklee
timerides,KihaChang
timerides,Quanninomarley
timerides,kkachi0912
timerides,sohnsukhee
timerides,lak17van
timerides,peterpaws
timerides,jmspool
timerides,msurman
timerides,guzdial
timerides,gsiemens
timerides,mozillafestival
timerides,humphd
timerides,las16ed
timerides,Webmaker
timerides,MozLearn
timerides,lau_nk
timerides,hannahkane
timerides,dun3buggi3
timerides,superhi_
timerides,rachelmmagee
timerides,flukeout
timerides,adamlofting
timerides,jeilxilx
timerides,reactjs
timerides,naz_andalibi
timerides,firefox
timerides,mozilla
timerides,HoudaElmimouni
timerides,IBMWatson
timerides,Kusunoki
timerides,carboncostume
timerides,TheTriangle
timerides,BillGates
timerides,seakha
timerides,tim_cook
timerides,prholt
timerides,jiangenhe
timerides,OPENSAT
timerides,SwiftLang
timerides,linuxacademyCOM
timerides,gagjidol
timerides,NodeSource
timerides,neo4j
timerides,fontawesome
timerides,bootswatch
timerides,Kimbotong
timerides,LezhinComics
timerides,JASIST
timerides,iSchools
timerides,asist_org
timerides,ChaomeiChen
timerides,andicat
timerides,denormalize
timerides,ASISTsigSI
timerides,leejacobson_
timerides,Neovim
timerides,MasteringVim
timerides,iconf
timerides,BL_Cheetah
timerides,coursera
timerides,citeulike
timerides,DrexelResearch
timerides,khanacademy
timerides,twitrratr
timerides,dancow
timerides,google
timerides,DrexelUniv
timerides,thomashpark
timerides,googledevs
timerides,Codecademy
timerides,github
timerides,Tennis_Now
timerides,theWEBCORE
timerides,getbootstrap
timerides,jquery
timerides,MongoDB
timerides,indeed
timerides,Real_CSS_Tricks
timerides,nodejs
timerides,JavaScriptDaily
timerides,ajlkn
timerides,Gephi
timerides,sigmajs
timerides,16O47
timerides,SBrinhpttt
timerides,kimeunsik
timerides,gomockingbird
timerides,Treato_com
timerides,climagic
timerides,vimtips
timerides,ladamic
timerides,duncanjwatts
timerides,Dodgers
timerides,TheSawon
timerides,TwitterU
timerides,informor
timerides,authorea
timerides,ellenkershaw
timerides,ClaytonKersh22
timerides,KershsChallenge
timerides,CiteSpace
timerides,DrexelCCI
timerides,MelodyMonthly
timerides,RLangTip
timerides,JoinTheFlock
timerides,jure
timerides,lintool
timerides,NLPenguin
timerides,CherylKohen
timerides,ALALibrary
timerides,SimmonsSLIS
timerides,KBO_Scores
timerides,ALA_JobLIST
timerides,koddi1989
timerides,YooNaul
timerides,TwitBird
timerides,slion10
timerides,s_0_n_g
timerides,librarianSY
timerides,WGyenny
timerides,Laurak7
timerides,grecia_alvarez
gaosuwoniu,timerides
Tina_mnzhao,timerides
simonwex,timerides
YuanyuanFeng,timerides
cmaxw,timerides
naz_andalibi,timerides
BeTwinned,timerides
CATEChs,timerides
innostudy,timerides
Wei_Jeon,timerides
arlissc99,timerides
kirstie_j,timerides
oliverhaimson,timerides
leejoeyk,timerides
imjuhokim,timerides
anataliasmr,timerides
msaunby,timerides
kimxtom,timerides
HigherEdSurge,timerides
pstplanet,timerides
MarshallAndie,timerides
davidascher,timerides
jgmac1106,timerides
HoudaElmimouni,timerides
rachelmmagee,timerides
hannahkane,timerides
adamlofting,timerides
Kusunoki,timerides
jiangenhe,timerides
asist_org,timerides
thomashpark,timerides
theWEBCORE,timerides
kimeunsik,timerides
NLPenguin,timerides
_dorsey_usilman,timerides
librarianSY,timerides
s_0_n_g,timerides
giftzee,timerides
Laurak7,timerides
grecia_alvarez,timerides
followinfosci,java
followinfosci,springframework
followinfosci,ijdl
followinfosci,DrexelCCI
followinfosci,SIGIRForum
followinfosci,ACM_CHIIR
followinfosci,iconf
followinfosci,JASIST
followinfosci,asist_org
followinfosci,iSchools
followinfosci,DrexelNow
followinfosci,DrexelUniv
followinfosci,DrexelNews
followinfosci,ACMSIGIR
OxyonHCS,followinfosci
gaosuwoniu,followinfosci
timerides,followinfosci
YuanyuanFeng,timerides
YuanyuanFeng,mistygogo
YuanyuanFeng,ChubingHong
YuanyuanFeng,twitterapi
YuanyuanFeng,TwoDanZ
YuanyuanFeng,lolthyself
YuanyuanFeng,AdamTownes
YuanyuanFeng,danibcook
YuanyuanFeng,bibliofille
YuanyuanFeng,hauspoor
YuanyuanFeng,yongjunzhu
YuanyuanFeng,pmgargard
YuanyuanFeng,Zhang_Neil
YuanyuanFeng,FanFu_126
YuanyuanFeng,MozMeng
YuanyuanFeng,HHJanes
YuanyuanFeng,fdemilywong
YuanyuanFeng,cnnbrk
gaosuwoniu,YuanyuanFeng
timerides,YuanyuanFeng
murigen222,YuanyuanFeng
ChubingHong,YuanyuanFeng
SunnyChen2012,YuanyuanFeng
bibliofille,YuanyuanFeng
yueyue89313,YuanyuanFeng
Zhang_Neil,YuanyuanFeng
FanFu_126,YuanyuanFeng
curtarledge,YuanyuanFeng
Nalsi,YuanyuanFeng
LAVStroscio,YuanyuanFeng
HHJanes,YuanyuanFeng
fdemilywong,YuanyuanFeng
gaosuwoniu,Wei_Jeon
gaosuwoniu,jiangenhe
gaosuwoniu,Tina_mnzhao
gaosuwoniu,followinfosci
gaosuwoniu,timerides
gaosuwoniu,YuanyuanFeng
gaosuwoniu,mina_myoung
gaosuwoniu,nytimes
gaosuwoniu,elonmusk
gaosuwoniu,EconomistOnce
gaosuwoniu,Drake
gaosuwoniu,WSJ
gaosuwoniu,Refinery29
gaosuwoniu,katyperry
gaosuwoniu,TheEconomist
gaosuwoniu,Forbes
gaosuwoniu,TheEllenShow
gaosuwoniu,taylorswift13
gaosuwoniu,jimmyfallon
gaosuwoniu,epicurious
gaosuwoniu,Mariobatali
gaosuwoniu,Phillies
gaosuwoniu,andersoncooper
gaosuwoniu,Rick_Bayless
gaosuwoniu,TwitterSports
gaosuwoniu,Bourdain
gaosuwoniu,funnyordie
gaosuwoniu,SarahKSilverman
gaosuwoniu,Reuters
gaosuwoniu,foodandwine
gaosuwoniu,BarackObama
gaosuwoniu,penguinusa
gaosuwoniu,ComputerSociety
gaosuwoniu,HarperCollins
Tina_mnzhao,gaosuwoniu
timerides,gaosuwoniu
Tina_mnzhao,truthorange
Tina_mnzhao,gaosuwoniu
Tina_mnzhao,timerides
Tina_mnzhao,qysnolan
Tina_mnzhao,cnnbrk
Tina_mnzhao,CNN
Tina_mnzhao,ActuallyNPH
Tina_mnzhao,itsmeleighton
Tina_mnzhao,blakeshelton
Tina_mnzhao,adamlevine
Tina_mnzhao,jk_rowling
Tina_mnzhao,EmWatson
Tina_mnzhao,RealHughJackman
Tina_mnzhao,_Snape_
Tina_mnzhao,BeckhamUpdate
Tina_mnzhao,victoriabeckham
Tina_mnzhao,DavidBeckhamWeb
gaosuwoniu,Tina_mnzhao
timerides,Tina_mnzhao
khatenocos,Tina_mnzhao
qysnolan,Tina_mnzhao
TOMMYMUFC20,Tina_mnzhao
Wei_Jeon,WekaMOOC
Wei_Jeon,timerides
Wei_Jeon,Ljkulp
Wei_Jeon,ACM_CSCW
Wei_Jeon,oliverhaimson
Wei_Jeon,bdosono
Wei_Jeon,jermdemo
Wei_Jeon,naz_andalibi
Wei_Jeon,MSFTResearch
Wei_Jeon,ASISTsigSI
Wei_Jeon,DrexelDragons
Wei_Jeon,DrexelWriting
Wei_Jeon,LiveItFitDrexel
Wei_Jeon,DrexelScholars
Wei_Jeon,BPM_Syracuse
Wei_Jeon,netflix
Wei_Jeon,GameOfThrones
Wei_Jeon,thejadeant
Wei_Jeon,FKEspino
Wei_Jeon,MattfDoyle
Wei_Jeon,internetresearc
Wei_Jeon,DiggingIntoData
Wei_Jeon,commonculture
Wei_Jeon,peopleschoice
Wei_Jeon,ConnorFranta
Wei_Jeon,ShawnMendes
Wei_Jeon,NEXIS_SU
Wei_Jeon,PhantomBway
Wei_Jeon,LesMizBway
Wei_Jeon,ChrisMzCarrell
Wei_Jeon,iconf
Wei_Jeon,jasonpriem
Wei_Jeon,MaxCRoser
Wei_Jeon,DrexelISSS
Wei_Jeon,threebarebears
Wei_Jeon,jenmorrisonlive
Wei_Jeon,joshdallas
Wei_Jeon,tylerjblackburn
Wei_Jeon,RaphaelSbarge
Wei_Jeon,idinamenzel
Wei_Jeon,MRaymondJames
Wei_Jeon,RobbieKay_
Wei_Jeon,OnceUponTimeABC
Wei_Jeon,LanaParrilla
Wei_Jeon,CiteSpace
Wei_Jeon,iSchools
Wei_Jeon,DrexelMaterials
Wei_Jeon,Steinbright
Wei_Jeon,DrexelGradColl
Wei_Jeon,DrexelNow
Wei_Jeon,Drexel_GSA
Wei_Jeon,FNC_ENT
Wei_Jeon,CN_FANCLUB
Wei_Jeon,grahamPmartin
Wei_Jeon,ReallyCody
Wei_Jeon,brantdaugherty
Wei_Jeon,cnbluegt
Wei_Jeon,JYHeffect
Wei_Jeon,MentalShin
Wei_Jeon,MR_KANGGUN
Wei_Jeon,CNBLUE_4
Wei_Jeon,NICKIMINAJ
Wei_Jeon,ashley_chasse
Wei_Jeon,Ziboli25
Wei_Jeon,Txt_Mining
Wei_Jeon,OnceABC
Wei_Jeon,colinodonoghue1
Wei_Jeon,kosmosWS
Wei_Jeon,ApacheIgnite
Wei_Jeon,mwbriles
Wei_Jeon,affariproject
Wei_Jeon,MikeSchiemer
Wei_Jeon,QuestionAnders
Wei_Jeon,ceskavich
Wei_Jeon,doctorjeff
Wei_Jeon,JamieDornan
Wei_Jeon,jk_rowling
Wei_Jeon,DrWhoOnline
Wei_Jeon,doctorwhotv
Wei_Jeon,DW_Experience
Wei_Jeon,doctorwhosite
Wei_Jeon,DoctorWhoNews
Wei_Jeon,BBCAMERICA
Wei_Jeon,FreemaOfficial
Wei_Jeon,DWMtweets
Wei_Jeon,karengillan
Wei_Jeon,DWBBCBooks
Wei_Jeon,billiepiper
Wei_Jeon,David_Tennant
Wei_Jeon,datawallow
Wei_Jeon,cBEYONData
Wei_Jeon,Data88Smart
Wei_Jeon,npr_Studio1
Wei_Jeon,jg88354
Wei_Jeon,technolibrary
Wei_Jeon,wp_chase
Wei_Jeon,BIdotcom
Wei_Jeon,MaryAugusta
Wei_Jeon,smithsonian
Wei_Jeon,janholmquist
Wei_Jeon,WileyEd
Wei_Jeon,joseph_vasquez
Wei_Jeon,EricWenham
Wei_Jeon,TestingSaaS
Wei_Jeon,Everydata
Wei_Jeon,Data_Informed
Wei_Jeon,7shores
Wei_Jeon,JN_Wiley
Wei_Jeon,InquiringJoy
Wei_Jeon,gruset
Wei_Jeon,iii_Innovative
Wei_Jeon,aainfopro
Wei_Jeon,libraryfocus
Wei_Jeon,Libraryjuan
Wei_Jeon,msbrizzle
Wei_Jeon,tdav
Wei_Jeon,Data88Geek
Wei_Jeon,SarahFelkar
Wei_Jeon,dferriero
Wei_Jeon,data_society
Wei_Jeon,jpalfrey
Wei_Jeon,jtoy
Wei_Jeon,Ednever
Wei_Jeon,prdeepakbabu
Wei_Jeon,InfoWitch
Wei_Jeon,hathitrust
Wei_Jeon,internetarchive
Wei_Jeon,dpla
Wei_Jeon,US_IMLS
Wei_Jeon,AbbyBlachly
Wei_Jeon,LibraryThing
Wei_Jeon,librarythingtim
Wei_Jeon,carlchaynes
Wei_Jeon,LTforLibraries
Wei_Jeon,WDLorg
Wei_Jeon,USNatArchives
Wei_Jeon,katrina_mm
Wei_Jeon,archivesnews
Wei_Jeon,deirdre_lyon
Wei_Jeon,james_lead
Wei_Jeon,MCIsom
Wei_Jeon,literandia
Wei_Jeon,stevedenning
Wei_Jeon,katrina_lib
Wei_Jeon,TaronEgerton
Wei_Jeon,betaphimu
Wei_Jeon,austinfalk
Wei_Jeon,Analytics_Sam
Wei_Jeon,Daredevil
Wei_Jeon,Agent_Analytics
Wei_Jeon,Queen_UK
Wei_Jeon,ArtofWarm
Wei_Jeon,BigDataGal
Wei_Jeon,DLind
Wei_Jeon,ericmkrop
Wei_Jeon,SteveSaul82
Wei_Jeon,_krisjack
Wei_Jeon,AndrewYNg
Wei_Jeon,delta0lin
Wei_Jeon,ZachSchleien
Wei_Jeon,DataSciJ
Wei_Jeon,datadryad
Wei_Jeon,DublinCore
Wei_Jeon,rOpenSci
Wei_Jeon,ansi_niso
Wei_Jeon,DataONEorg
Wei_Jeon,PLOSONE
Wei_Jeon,CODATANews
Wei_Jeon,asist_org
Wei_Jeon,dcmi13
Wei_Jeon,digitalcuration
Wei_Jeon,openscience
Wei_Jeon,all_metadata
Wei_Jeon,warrensallen
Wei_Jeon,LibraryRealTalk
Wei_Jeon,JingWendy
Wei_Jeon,myhou08
Wei_Jeon,MathsRR
Wei_Jeon,ActuallyNPH
Wei_Jeon,business
Wei_Jeon,tableau
Wei_Jeon,infoscience_rr
Wei_Jeon,swirlstats
Wei_Jeon,DULibraries
Wei_Jeon,FSUCCI
Wei_Jeon,DrexelCCI
Wei_Jeon,DrexelNews
Wei_Jeon,DrexelUniv
Wei_Jeon,PhDiSchoolSU
Wei_Jeon,BITS_Lab
Wei_Jeon,gil_tellez
Wei_Jeon,drchuck
Wei_Jeon,LukeBryanOnline
Wei_Jeon,monkeylearn
Wei_Jeon,TeenWorxSalina
Wei_Jeon,librarysoupblog
Wei_Jeon,Xinyu55666494
Wei_Jeon,XiaoYan_10
Wei_Jeon,iROCKBUNNY
Wei_Jeon,SyracuseParks
Wei_Jeon,OnondagaCoParks
Wei_Jeon,OnondagaCounty
Wei_Jeon,EversonMuseum
Wei_Jeon,CNYcentral
Wei_Jeon,SyrNewTimes
Wei_Jeon,CNYBuzz
Wei_Jeon,BofA_Tips
Wei_Jeon,BofA_Help
Wei_Jeon,BofA_News
Wei_Jeon,BankofAmerica
Wei_Jeon,Discover
Wei_Jeon,syracusedaily
Wei_Jeon,SyracuseNews
Wei_Jeon,airfarewatchdog
Wei_Jeon,TheFlightDeal
Wei_Jeon,Strugglingteens
Wei_Jeon,DrWhatWebSeries
Wei_Jeon,ShotaMatsushima
Wei_Jeon,RattyBurvil
Wei_Jeon,DoctorWho_BBCA
Wei_Jeon,bbcdoctorwho
Wei_Jeon,rvtea
Wei_Jeon,JJODonnell23
Wei_Jeon,manse7
Wei_Jeon,Cobrakai1972
Wei_Jeon,domienterprises
Wei_Jeon,MrRobertScott
Wei_Jeon,dugule68
Wei_Jeon,meghasuresh
Wei_Jeon,TextMining_r
Wei_Jeon,pike_place
Wei_Jeon,space_needle
Wei_Jeon,EMPmuseum
Wei_Jeon,JonnyBailey
Wei_Jeon,TEDNews
Wei_Jeon,coursera
Wei_Jeon,RyanLizza
Wei_Jeon,UpstateMerch
Wei_Jeon,ChristophrWood
Wei_Jeon,Mjamesantonio
Wei_Jeon,sqlpros
Wei_Jeon,ijstokes
Wei_Jeon,Phil_Gaskin
Wei_Jeon,washingtonpost
Wei_Jeon,USATODAY
Wei_Jeon,slee0327
Wei_Jeon,CW_TheFlash
Wei_Jeon,grantgust
Wei_Jeon,OfficialHIMYM
Wei_Jeon,CBS
Wei_Jeon,TwoAndAHalfMen
Wei_Jeon,NicoleScherzy
Wei_Jeon,EzraPenland
Wei_Jeon,katyperry
Wei_Jeon,channingtatum
Wei_Jeon,aplusk
Wei_Jeon,stevenakrueger
Wei_Jeon,daniel_sharman
Wei_Jeon,jdross
Wei_Jeon,iCareersSU
Wei_Jeon,stirlingdm
Wei_Jeon,Syracuse1848
Wei_Jeon,SyracuseULib
Wei_Jeon,SyracuseDPS
Wei_Jeon,SUJobs
Wei_Jeon,VisitSyracuse
Wei_Jeon,NewsHouse
Wei_Jeon,WorkingOrange
Wei_Jeon,SUAlums
Wei_Jeon,BBCWorld
Wei_Jeon,nytimes
Wei_Jeon,ABC
Wei_Jeon,NBCNews
Wei_Jeon,CBSNews
Wei_Jeon,HuffPostBiz
Wei_Jeon,Timodc
Wei_Jeon,danmericaCNN
Wei_Jeon,branden466
Wei_Jeon,SysorexGlobal
Wei_Jeon,PeterHamby
Wei_Jeon,beautbradley
Wei_Jeon,InjeneralPeters
Wei_Jeon,ABCPolitics
Wei_Jeon,FoxNews
Wei_Jeon,NBCPolitics
Wei_Jeon,foxnewspolitics
Wei_Jeon,CBSPolitics
Wei_Jeon,CNNPolitics
Wei_Jeon,data_freelance
Wei_Jeon,Bigdatamedia1
Wei_Jeon,BigDataMercs
Wei_Jeon,ITSN_Cloud
Wei_Jeon,ITSN_BIGDATA
Wei_Jeon,BigDataSurveys
Wei_Jeon,DataScienceCtrl
Wei_Jeon,Texata
Wei_Jeon,AoIR_org
Wei_Jeon,TEDxSyracuseU
Wei_Jeon,BelieveInSYR
Wei_Jeon,NewsChannel9
Wei_Jeon,TIME
Wei_Jeon,NSF
Wei_Jeon,KateKenski
Wei_Jeon,nicoteiz
Wei_Jeon,analyticbridge
Wei_Jeon,Datafloq
Wei_Jeon,BigDataBlogs
Wei_Jeon,kaggle
Wei_Jeon,SmartDataCo
Wei_Jeon,YouTube
Wei_Jeon,gjsmiti3
Wei_Jeon,patyrossini
Wei_Jeon,WhoClass
Wei_Jeon,LiuYliu198
Wei_Jeon,EbolaAlert
Wei_Jeon,NewhouseSU
Wei_Jeon,jpassetti
Wei_Jeon,LISResearch
Wei_Jeon,NewslockLibrary
Wei_Jeon,xiaoqiwu123
Wei_Jeon,notcolinmochrie
Wei_Jeon,sminfolab
Wei_Jeon,bsemaan
Wei_Jeon,wanpiqiao
Wei_Jeon,ZhuClare
Wei_Jeon,NYLawInstitute
Wei_Jeon,Lindsey0330
Wei_Jeon,JeffHemsley
Wei_Jeon,OracleDatabase
Wei_Jeon,Oracle
Wei_Jeon,FiveThirtyEight
Wei_Jeon,NateSilver538
Wei_Jeon,gagsong
Wei_Jeon,JetBlue
Wei_Jeon,CNN
Wei_Jeon,Bio_YAO
Wei_Jeon,alexgoot
Wei_Jeon,MattSteffanina
Wei_Jeon,DaaamnDuuunc
Wei_Jeon,davidpecklive
Wei_Jeon,iSchoolSU_iSGO
Wei_Jeon,strisunshine
Wei_Jeon,LibraryFAQs
Wei_Jeon,Miles_Teller
Wei_Jeon,metaschemer
Wei_Jeon,JessicaRegitano
Wei_Jeon,lin_fancy
Wei_Jeon,OCPL_CNY
Wei_Jeon,fayettevillelib
Wei_Jeon,DeWittLibrary
Wei_Jeon,salinalibrary
Wei_Jeon,amlibraries
Wei_Jeon,dailyorange
Wei_Jeon,CareerSU
Wei_Jeon,noplibrary
Wei_Jeon,npr_rad
Wei_Jeon,ALA_ACRL
Wei_Jeon,SyracuseUNews
Wei_Jeon,LiverpoolPubLib
Wei_Jeon,SUcampus
Wei_Jeon,ALA_LITA
Wei_Jeon,alanews
Wei_Jeon,OCPL_Central
Wei_Jeon,ALA_TechSource
Wei_Jeon,OCLC
Wei_Jeon,NPR
Wei_Jeon,LISNews
Wei_Jeon,Team_Barrowman
Wei_Jeon,yossuief2012
Wei_Jeon,excesslyrics
Wei_Jeon,AgentsofSHIELD
Wei_Jeon,thorofficial
Wei_Jeon,Avengers
Wei_Jeon,RobertDowneyJr
Wei_Jeon,henare
Wei_Jeon,twhiddleston
Wei_Jeon,RioMovie
Wei_Jeon,SpanglyCaptain
Wei_Jeon,CaptainAmerica
Wei_Jeon,ChrisEvans
Wei_Jeon,philshapiro
Wei_Jeon,StudentsOfMU
Wei_Jeon,MaxGreenberg
Wei_Jeon,libraryfuture
Wei_Jeon,thejenwolfe
Wei_Jeon,msylvain
Wei_Jeon,historybuff820
Wei_Jeon,DataIsBeautiful
Wei_Jeon,ProvincetownLib
Wei_Jeon,TEDTalks
Wei_Jeon,WeAreLibrarians
Wei_Jeon,niwandajones
Wei_Jeon,jenniferwaller
Wei_Jeon,thinkpol
Wei_Jeon,LCPLWeb
Wei_Jeon,laurasolomon
Wei_Jeon,HieAnon
Wei_Jeon,MikeLydon
Wei_Jeon,hbraum
Wei_Jeon,CodersGrid
Wei_Jeon,eastern_branch
Wei_Jeon,MichaelBuono
Wei_Jeon,pollyalida
Wei_Jeon,social_searcher
Wei_Jeon,dr_morton
Wei_Jeon,TheSocialQuant
Wei_Jeon,MichaelSteger11
Wei_Jeon,MattLanter
Wei_Jeon,wingcitymedia
Wei_Jeon,kellyLcoulter
Wei_Jeon,HiddenPeanuts
Wei_Jeon,modrobotics
Wei_Jeon,InternetMethods
Wei_Jeon,profjsg
Wei_Jeon,mebs
Wei_Jeon,dweinberger
Wei_Jeon,21Toys
Wei_Jeon,BitBodkin
Wei_Jeon,bpichman
Wei_Jeon,SLAhq
Wei_Jeon,LibConf
Wei_Jeon,littleBits
Wei_Jeon,thuslibrarians
Wei_Jeon,lzcrowder
Wei_Jeon,Lambsone
Wei_Jeon,HyerinBak
Wei_Jeon,nypl
Wei_Jeon,CLRC
Wei_Jeon,nuclearladybug
Wei_Jeon,ClevelandBob
Wei_Jeon,SHelson209
Wei_Jeon,BrianChi1
Wei_Jeon,librarygame
Wei_Jeon,TeacupKlatch
Wei_Jeon,enews
Wei_Jeon,TomFelton
Wei_Jeon,Nestle
Wei_Jeon,ITU
Wei_Jeon,INTERPOL_HQ
Wei_Jeon,Chase
Wei_Jeon,jpmorgan
Wei_Jeon,Heineken
Wei_Jeon,annefrankhouse
Wei_Jeon,CERN
Wei_Jeon,accuweather
Wei_Jeon,knife1213
Wei_Jeon,StandForDance
Wei_Jeon,HarryShumJr
Wei_Jeon,gabrielecirulli
Wei_Jeon,kajustus
Wei_Jeon,DMeky
Wei_Jeon,ardeninred
Wei_Jeon,LeoDiCaprio
Wei_Jeon,EmWatson
Wei_Jeon,hitRECordJoe
Wei_Jeon,jtimberlake
Wei_Jeon,TheEllenShow
Wei_Jeon,DandyWeng
Wei_Jeon,KusturieM
Wei_Jeon,TheDataDiva
Wei_Jeon,jhrubin
Wei_Jeon,lizliddy
Wei_Jeon,rotolo
Wei_Jeon,VP
Wei_Jeon,Dropbox
Wei_Jeon,realjinhyuk
Wei_Jeon,CNBMinhyuk
Wei_Jeon,MiaBreitkopf
Wei_Jeon,barbstripling
Wei_Jeon,Nalsi
Wei_Jeon,MollyBassford
Wei_Jeon,Anna_Bananagram
Wei_Jeon,ArielPomputius
Wei_Jeon,noah_bean
Wei_Jeon,jhutch1992
Wei_Jeon,DevonESawa
Wei_Jeon,shanewest
Wei_Jeon,rachelboston
Wei_Jeon,EricWinter1
Wei_Jeon,danielditomasso
Wei_Jeon,WitchesEastEnd
Wei_Jeon,JakeRobinsonAct
Wei_Jeon,buhdools
Wei_Jeon,cfargnol
Wei_Jeon,ShannonC315
Wei_Jeon,spkowalski
Wei_Jeon,unwordedly
Wei_Jeon,esfMoon
Wei_Jeon,kristenscowls
Wei_Jeon,sarahmach21
Wei_Jeon,trailhoundz
Wei_Jeon,C_d_welch
Wei_Jeon,pamelajgardner
Wei_Jeon,terriwillmore
Wei_Jeon,ruthadelia
Wei_Jeon,SarahSbratt
Wei_Jeon,NancarrowB
Wei_Jeon,KyraLNay
Wei_Jeon,annachovanec
Wei_Jeon,Gabe_Thompson
Wei_Jeon,italstallianion
Wei_Jeon,ProQuest
Wei_Jeon,TVGuideMagazine
Wei_Jeon,MLArents
Wei_Jeon,msnyde01
Wei_Jeon,library_anne12
Wei_Jeon,jmac5241977
Wei_Jeon,ChadOnData
Wei_Jeon,AdAstraEliz
Wei_Jeon,itsmeleighton
Wei_Jeon,gossipgirl
Wei_Jeon,CHACE_CRAWF0RD
Wei_Jeon,TVD_Network
Wei_Jeon,JoseMolinaTV
Wei_Jeon,erfinchie
Wei_Jeon,Young_Brian
Wei_Jeon,carolinedries
Wei_Jeon,MichaelNarducci
Wei_Jeon,julieplec
Wei_Jeon,tvdnews
Wei_Jeon,VampireDiarieCW
Wei_Jeon,iansomerhalder
Wei_Jeon,paulwesley
Wei_Jeon,danieljgillies
Wei_Jeon,JosephMorgan
Wei_Jeon,ninadobrev
Wei_Jeon,KatGraham
Wei_Jeon,ZacEfron
Wei_Jeon,austinbutler
Wei_Jeon,MaggieQ
Wei_Jeon,cwnikita
Wei_Jeon,bigbangtheory
Wei_Jeon,HowIMetMother
Wei_Jeon,DowntonAbbey
Wei_Jeon,GLEEonFOX
Wei_Jeon,GreysABC
Wei_Jeon,cwtcd
Wei_Jeon,TheCW
Wei_Jeon,cworiginals
Wei_Jeon,cwtvd
Wei_Jeon,Elementary_CBS
Wei_Jeon,LucyLiu
Wei_Jeon,cjsmith316
Wei_Jeon,snicholson
Wei_Jeon,jill_hw
Wei_Jeon,buffyjhamilton
Wei_Jeon,LMBritton
Wei_Jeon,jessamyn
Wei_Jeon,sabram
Wei_Jeon,davidleeking
Wei_Jeon,shifted
Wei_Jeon,rdlankes
Wei_Jeon,iSchoolSU
Wei_Jeon,ILoveLibraries
Wei_Jeon,LibraryJournal
Wei_Jeon,librarycongress
Wei_Jeon,ALALibrary
Wei_Jeon,ladygaga
Wei_Jeon,BarackObama
Wei_Jeon,instagram
gaosuwoniu,Wei_Jeon
IWM_FractAlerts,Wei_Jeon
kmaruncic,Wei_Jeon
czebrowski1,Wei_Jeon
Habitat_UCity,Wei_Jeon
jermdemo,Wei_Jeon
timerides,Wei_Jeon
bdosono,Wei_Jeon
oliverhaimson,Wei_Jeon
rain2009218,Wei_Jeon
crazymohit2007,Wei_Jeon
nifilippova3747,Wei_Jeon
avreliyaalekse1,Wei_Jeon
zykofykuwami,Wei_Jeon
BPM_Syracuse,Wei_Jeon
neycwcy10,Wei_Jeon
thejadeant,Wei_Jeon
carlchaynes,Wei_Jeon
fayettevillelib,Wei_Jeon
internetresearc,Wei_Jeon
MarkosReyes2,Wei_Jeon
sarah_sykes1,Wei_Jeon
wang_qianyi,Wei_Jeon
DrexelISSS,Wei_Jeon
nusewenobur,Wei_Jeon
PraharSishtla,Wei_Jeon
Txt_Mining,Wei_Jeon
Ziboli25,Wei_Jeon
ashley_chasse,Wei_Jeon
huiminzhao1991,Wei_Jeon
govner12345,Wei_Jeon
xiaonanliu1,Wei_Jeon
hildakw,Wei_Jeon
kosmosWS,Wei_Jeon
ApacheIgnite,Wei_Jeon
mwbriles,Wei_Jeon
MikeSchiemer,Wei_Jeon
jovitagonzale48,Wei_Jeon
msbrizzle,Wei_Jeon
doctorjeff,Wei_Jeon
KingArmani1337,Wei_Jeon
affariproject,Wei_Jeon
datawallow,Wei_Jeon
Data88Smart,Wei_Jeon
SarahFelkar,Wei_Jeon
BIdotcom,Wei_Jeon
WileyEd,Wei_Jeon
libraryfocus,Wei_Jeon
TestingSaaS,Wei_Jeon
EricWenham,Wei_Jeon
iii_Innovative,Wei_Jeon
gruset,Wei_Jeon
Data88Geek,Wei_Jeon
literandia,Wei_Jeon
katrina_lib,Wei_Jeon
MarylandTrust,Wei_Jeon
Analytics_Sam,Wei_Jeon
Tianllin,Wei_Jeon
ArtofWarm,Wei_Jeon
BigDataGal,Wei_Jeon
delta0lin,Wei_Jeon
digitalcuration,Wei_Jeon
MathsRR,Wei_Jeon
myhou08,Wei_Jeon
infoscience_rr,Wei_Jeon
BITS_Lab,Wei_Jeon
gil_tellez,Wei_Jeon
JingWendy,Wei_Jeon
LibraryRealTalk,Wei_Jeon
TeenWorxSalina,Wei_Jeon
LiverpoolPubLib,Wei_Jeon
iROCKBUNNY,Wei_Jeon
XiaoYan_10,Wei_Jeon
PonoExpress,Wei_Jeon
Xinyu55666494,Wei_Jeon
airfarewatchdog,Wei_Jeon
SyrNewTimes,Wei_Jeon
Strugglingteens,Wei_Jeon
recklessking60,Wei_Jeon
rvtea,Wei_Jeon
dugule68,Wei_Jeon
UpstateMerch,Wei_Jeon
MystikSuicide,Wei_Jeon
Phil_Gaskin,Wei_Jeon
slee0327,Wei_Jeon
EzraPenland,Wei_Jeon
stirlingdm,Wei_Jeon
branden466,Wei_Jeon
SysorexGlobal,Wei_Jeon
gjsmiti3,Wei_Jeon
patyrossini,Wei_Jeon
LiuYliu198,Wei_Jeon
NewslockLibrary,Wei_Jeon
MichaelBuono,Wei_Jeon
iSchoolSU_iSGO,Wei_Jeon
xiaoqiwu123,Wei_Jeon
wanpiqiao,Wei_Jeon
ZhuClare,Wei_Jeon
NYLawInstitute,Wei_Jeon
LogoedPackage,Wei_Jeon
Lindsey0330,Wei_Jeon
Bio_YAO,Wei_Jeon
KusturieM,Wei_Jeon
ChadOnData,Wei_Jeon
DaaamnDuuunc,Wei_Jeon
davidpecklive,Wei_Jeon
ZeSimonne,Wei_Jeon
metaschemer,Wei_Jeon
JessicaRegitano,Wei_Jeon
lin_fancy,Wei_Jeon
ALA_LITA,Wei_Jeon
excesslyrics,Wei_Jeon
yossuief2012,Wei_Jeon
LCPLWeb,Wei_Jeon
henare,Wei_Jeon
philshapiro,Wei_Jeon
StudentsOfMU,Wei_Jeon
historybuff820,Wei_Jeon
libraryfuture,Wei_Jeon
thejenwolfe,Wei_Jeon
niwandajones,Wei_Jeon
laurasolomon,Wei_Jeon
social_searcher,Wei_Jeon
dr_morton,Wei_Jeon
sansingla,Wei_Jeon
wingcitymedia,Wei_Jeon
21Toys,Wei_Jeon
HyerinBak,Wei_Jeon
DMeky,Wei_Jeon
bpichman,Wei_Jeon
BitBodkin,Wei_Jeon
SHelson209,Wei_Jeon
nuclearladybug,Wei_Jeon
usapalomar712,Wei_Jeon
TeacupKlatch,Wei_Jeon
StandForDance,Wei_Jeon
kajustus,Wei_Jeon
ardeninred,Wei_Jeon
Anna_Bananagram,Wei_Jeon
ruthadelia,Wei_Jeon
Nalsi,Wei_Jeon
C_d_welch,Wei_Jeon
library_anne12,Wei_Jeon
unwordedly,Wei_Jeon
ShannonC315,Wei_Jeon
kristenscowls,Wei_Jeon
sarahmach21,Wei_Jeon
NancarrowB,Wei_Jeon
KyraLNay,Wei_Jeon
annachovanec,Wei_Jeon
cfargnol,Wei_Jeon
italstallianion,Wei_Jeon
msnyde01,Wei_Jeon
AdAstraEliz,Wei_Jeon
Gabe_Thompson,Wei_Jeon
NikolaLeskova,Wei_Jeon
cjsmith316,Wei_Jeon
jill_hw,Wei_Jeon
jiangenhe,JASIST
jiangenhe,Dropbox
jiangenhe,eigenfactor
jiangenhe,BillGates
jiangenhe,tim_cook
jiangenhe,iSchools
jiangenhe,jeffrey_heer
jiangenhe,benbendc
jiangenhe,seakha
jiangenhe,visitphilly
jiangenhe,PhillyDeals_
jiangenhe,Vis_Analytics
jiangenhe,SASUK_VAnalytic
jiangenhe,LoveMyPhilly
jiangenhe,PhiladelphiaGov
jiangenhe,jtimberlake
jiangenhe,scimago
jiangenhe,PaperCritic
jiangenhe,CiteSpace
jiangenhe,zhaohaozhen
jiangenhe,timerides
jiangenhe,HoudaElmimouni
jiangenhe,ChaomeiChen
jiangenhe,LiveItFitDrexel
jiangenhe,DrexelCCI
jiangenhe,instagram
jiangenhe,scheidegger
jiangenhe,ieeevis
jiangenhe,manyeyes
jiangenhe,shixia_snoopy
jiangenhe,IBMWatson
jiangenhe,Starbucks
jiangenhe,britneyspears
jiangenhe,Stefsunyanzi
gaosuwoniu,jiangenhe
timerides,jiangenhe
zhaohaozhen,jiangenhe
yuanlx,jiangenhe